image,label,item-count,item-key
"https://millerj-tc.github.io/questingDvorak/Card%20Images/Finick,%20Phoenix.png",,1,
"https://millerj-tc.github.io/questingDvorak/Card%20Images/Finick,%20Phoenix.png",,1,
"https://millerj-tc.github.io/questingDvorak/Card%20Images/Finick,%20Phoenix.png",,1,
"https://millerj-tc.github.io/questingDvorak/Card%20Images/Finick,%20Phoenix.png",,1,
"https://millerj-tc.github.io/questingDvorak/Card%20Images/Finick,%20Phoenix Rising.png",,1,
"https://millerj-tc.github.io/questingDvorak/Card%20Images/Pigimus%20Jr, the Armface Diplomat.png",,1,
"https://millerj-tc.github.io/questingDvorak/Card%20Images/Pigimus%20Jr, the Armface Diplomat.png",,1,
"https://millerj-tc.github.io/questingDvorak/Card%20Images/Pigimus%20Jr, the Armface Diplomat.png",,1,
"https://millerj-tc.github.io/questingDvorak/Card%20Images/Pigimus%20Jr, the Armface Diplomat.png",,1,
https://millerj-tc.github.io/questingDvorak/Card%20Images/Pigimus.png,,1,
https://millerj-tc.github.io/questingDvorak/Card%20Images/Pigimus.png,,1,
https://millerj-tc.github.io/questingDvorak/Card%20Images/Pigimus.png,,1,
"https://millerj-tc.github.io/questingDvorak/Card%20Images/Robespierre,%20Radical Rhino.png",,1,
"https://millerj-tc.github.io/questingDvorak/Card%20Images/Robespierre,%20Radical Rhino.png",,1,
"https://millerj-tc.github.io/questingDvorak/Card%20Images/Robespierre,%20Radical Rhino.png",,1,
"https://millerj-tc.github.io/questingDvorak/Card%20Images/Vopi,%20the Batsquire.png",,1,
"https://millerj-tc.github.io/questingDvorak/Card%20Images/Vopi,%20the Batsquire.png",,1,
"https://millerj-tc.github.io/questingDvorak/Card%20Images/Vopi,%20the Batsquire.png",,1,
"https://millerj-tc.github.io/questingDvorak/Card%20Images/Vopi,%20the Batsquire.png",,1,
"https://millerj-tc.github.io/questingDvorak/Card%20Images/Vopi,%20Batknight.png",,1,
"https://millerj-tc.github.io/questingDvorak/Card%20Images/Vopi,%20Batknight.png",,1,
"https://millerj-tc.github.io/questingDvorak/Card%20Images/Vopi,%20Batknight.png",,1,
"https://millerj-tc.github.io/questingDvorak/Card%20Images/Vopi,%20Batknight.png",,1,
https://millerj-tc.github.io/questingDvorak/Card%20Images/Cogwork%20Delvings.png,,1,
https://millerj-tc.github.io/questingDvorak/Card%20Images/Staff%20of Greed.png,,1,
https://millerj-tc.github.io/questingDvorak/Card%20Images/Enchanted%20Bident.png,,1,
https://millerj-tc.github.io/questingDvorak/Card%20Images/Historied%20Blade.png,,1,
https://millerj-tc.github.io/questingDvorak/Card%20Images/Historied%20Blade.png,,1,
https://millerj-tc.github.io/questingDvorak/Card%20Images/Combat%20Training.png,,1,
https://millerj-tc.github.io/questingDvorak/Card%20Images/Combat%20Training.png,,1,
https://millerj-tc.github.io/questingDvorak/Card%20Images/Good%20shot!.png,,1,
https://millerj-tc.github.io/questingDvorak/Card%20Images/Good%20shot!.png,,1,
https://millerj-tc.github.io/questingDvorak/Card%20Images/Borrow%20a Wizard's Hat.png,,1,
https://millerj-tc.github.io/questingDvorak/Card%20Images/Borrow%20a Wizard's Hat.png,,1,
https://millerj-tc.github.io/questingDvorak/Card%20Images/Doran's%20Conjured Help.png,,1,
https://millerj-tc.github.io/questingDvorak/Card%20Images/Doran's%20Conjured Help.png,,1,
https://millerj-tc.github.io/questingDvorak/Card%20Images/Doran's%20Digging Technique.png,,1,
https://millerj-tc.github.io/questingDvorak/Card%20Images/Doran's%20Digging Technique.png,,1,
https://millerj-tc.github.io/questingDvorak/Card%20Images/Shadowdagger%20Lunge.png,,1,
https://millerj-tc.github.io/questingDvorak/Card%20Images/Shadowdagger%20Lunge.png,,1,
https://millerj-tc.github.io/questingDvorak/Card%20Images/Farmer%20Appreciation Day.png,,1,
https://millerj-tc.github.io/questingDvorak/Card%20Images/Swift%20Travel.png,,1,
https://millerj-tc.github.io/questingDvorak/Card%20Images/Tense%20Exchange.png,,1,
https://millerj-tc.github.io/questingDvorak/Card%20Images/Pie%20Break.png,,1,
https://millerj-tc.github.io/questingDvorak/Card%20Images/Doran's%20Unicorn Helper.png,,1,
https://millerj-tc.github.io/questingDvorak/Card%20Images/Doran's%20Unicorn Helper.png,,1,
https://millerj-tc.github.io/questingDvorak/Card%20Images/Pigimus%20the Loyal.png,,1,
https://millerj-tc.github.io/questingDvorak/Card%20Images/Octo-venturer.png,,1,
https://millerj-tc.github.io/questingDvorak/Card%20Images/Octo-venturer.png,,1,
"https://millerj-tc.github.io/questingDvorak/Card%20Images/Octo-venturer,%20Evolving.png",,1,