image,label,card name,item-count,item-key,#/cards:50
"https://millerj-tc.github.io/questingDvorak/Set 1/Doran, the Necrodude.png",,"Doran, the Necrodude",2,,
"https://millerj-tc.github.io/questingDvorak/Set 1/Doran, Necro-Rising.png",,"Doran, Necro-Rising",1,,
"https://millerj-tc.github.io/questingDvorak/Set 1/Doran, Necro-Skeletized.png",,"Doran, Necro-Skeletized",1,,
https://millerj-tc.github.io/questingDvorak/Set 1/Octo-venturer.png,,Octo-venturer,3,,
"https://millerj-tc.github.io/questingDvorak/Set 1/Octo-venturer, Evolving.png",,"Octo-venturer, Evolving",2,,
https://millerj-tc.github.io/questingDvorak/Set 1/Pigimus.png,,Pigimus,3,,
"https://millerj-tc.github.io/questingDvorak/Set 1/Vopi, the Batsquire.png",,"Vopi, the Batsquire",3,,
"https://millerj-tc.github.io/questingDvorak/Set 1/Vopi, Batknight.png",,"Vopi, Batknight",1,,
https://millerj-tc.github.io/questingDvorak/Set 1/Borrow a Wizard's Hat.png,,Borrow a Wizard's Hat,4,,
https://millerj-tc.github.io/questingDvorak/Set 1/Good shot!.png,,Good Shot!,4,,
https://millerj-tc.github.io/questingDvorak/Set 1/Doran's Conjured Help.png,,Doran's Conjured Help,4,,
https://millerj-tc.github.io/questingDvorak/Set 1/Doran's Digging Technique.png,,Doran's Digging Technique,2,,
https://millerj-tc.github.io/questingDvorak/Set 1/Swift Travel.png,,Swift Travel,2,,
https://millerj-tc.github.io/questingDvorak/Set 1/Doran's Unicorn Helper.png,,Doran's Unicorn Helper,2,,
https://millerj-tc.github.io/questingDvorak/Set 1/Enchanted Bident.png,,Enchanted Bident,1,,
https://millerj-tc.github.io/questingDvorak/Set 1/Historied Blade.png,,Historied Blade,3,,
"https://millerj-tc.github.io/questingDvorak/Working Directory/Pigimus Jr, the Armface Diplomat.png",,"Pigimus Jr, the Armface Diplomat",3,,
https://millerj-tc.github.io/questingDvorak/Working Directory/Lady of the Red Strings.png,,Lady of the Red Strings,2,,
https://millerj-tc.github.io/questingDvorak/Working Directory/Stone of Avarice.png,,Stone of Avarice,4,,
"https://millerj-tc.github.io/questingDvorak/Working Directory/Dryad, the Dud.png",,"Dryad, the Dud",3,,